start_lat,start_lng,end_lat,end_lng,traffic
-6.925680277714547,107.56962126861418,-6.939242976814944,107.64763247907342,1
-6.856424140369528,107.62670415158054,-6.941013148351546,107.66746902355062,0
-6.882714328194269,107.67967133374023,-6.8617681994213715,107.5800748638068,1
-6.8987412501995165,107.65715598182554,-6.94070454677809,107.63997985593713,0
-6.951946559418819,107.66904978365784,-6.938011642919339,107.63147935730301,0
-6.951949458655588,107.64540533867373,-6.8794203288573605,107.67325286028613,0
-6.963718349817382,107.65076425032287,-6.916641270937445,107.684973929677,1
-6.866585627277853,107.67587130425045,-6.8773393910539875,107.54194508343639,0
-6.898445975588467,107.57994688141747,-6.9628429878607605,107.64784318704942,1
-6.885589676148916,107.61830799418291,-6.9120939425204595,107.54829372785916,0
-6.968225743785644,107.57539351069114,-6.96665964525797,107.62781738641237,1
-6.854116835770128,107.69802688127946,-6.963169084944666,107.586021236647,0
-6.87064039457579,107.69104949434985,-6.861746218108002,107.58908425592355,1
-6.945176838896471,107.54630828981897,-6.953962706391665,107.59647336055238,1
-6.948844638941707,107.65289202760252,-6.906703033990519,107.63940679184795,1
-6.948654777915618,107.68803973078651,-6.921286308567395,107.593447994507,1
-6.934130082396264,107.56889205522037,-6.928949332183687,107.65723184809445,1
-6.907624276917805,107.63087123688842,-6.86254003184839,107.60472438169182,1
-6.918780208759218,107.6864781276141,-6.968076827707586,107.5509365120496,0
-6.935694257348195,107.54543135657373,-6.8909124797216945,107.66540157479746,1
-6.89715528205437,107.6515872427595,-6.8548999890075315,107.58572133193483,1
-6.953932837949624,107.58757584117961,-6.9033677843478864,107.60924270073589,1
-6.9355842132460666,107.68790339126025,-6.858093940063623,107.64967102131551,0
-6.926663306436098,107.69536931922646,-6.96441860290982,107.5931929851438,0
-6.915880387897112,107.69108263825815,-6.9203610430472855,107.54905370498348,0
-6.87632184944056,107.6158742746652,-6.939429033526362,107.59982736752205,1
-6.946699211384565,107.67792682415829,-6.882855320009316,107.69111177323109,0
-6.908889020502684,107.67512790376561,-6.8527480897222315,107.64267750356777,0
-6.899491768822783,107.59105607571892,-6.939865086494201,107.64743666378676,1
-6.965116660391057,107.6726264758641,-6.892068212902816,107.64116514458203,1
-6.897673108801447,107.54592122155448,-6.946888664542279,107.57183874223351,0
-6.950203000332787,107.63540318055713,-6.902747303400493,107.60693341825638,1
-6.9628807985231695,107.57680141396604,-6.914935315100062,107.66015036773814,1
-6.85664395842215,107.55929070172436,-6.853864959378289,107.55621966360852,1
-6.854631029624438,107.55231251226068,-6.897555021821884,107.58445644417436,1
-6.873530638756401,107.6514062041405,-6.928689334075164,107.58421105735454,0
-6.934085424945361,107.5943799942029,-6.956985686656471,107.60912302841513,1
-6.958959811896433,107.6559626834446,-6.952520131186061,107.69685899855075,0
-6.8884551902132385,107.55045701452784,-6.943616905019861,107.55080040746942,0
-6.9177936702525,107.59044645405291,-6.940533807306896,107.6229921591009,0
-6.956031004171657,107.62631860678006,-6.868455949847496,107.56869834912196,0
-6.911179735404626,107.66651570637424,-6.903241020848441,107.69530824726556,1
-6.96656649976195,107.59100040046914,-6.907788412452801,107.5581285607564,1
-6.86139968767013,107.64014262022992,-6.95690478160132,107.60457616037786,1
-6.9395946462116775,107.68175643971779,-6.867311208859398,107.65806159757354,0
-6.891064821420652,107.63853811010917,-6.88381772075434,107.65272870848439,0
-6.933232328654053,107.57727351596058,-6.96256626289962,107.60763658190304,0
-6.908187823854427,107.54390412504905,-6.885618221312982,107.59544386687244,1
-6.904985424422938,107.67921581982415,-6.905366706275414,107.60361798056846,0
-6.948480494445832,107.54340310573606,-6.960876613441237,107.58228420210538,1
-6.8541559277427,107.67995226762947,-6.9156122628882555,107.5728532701931,1
-6.877529034631994,107.62462994144435,-6.912439506286969,107.61728635160942,1
-6.857772227223984,107.69025083176207,-6.950773900272374,107.58296540097082,1
-6.8631417524785965,107.66780531772379,-6.857027082730566,107.58599386638356,0
-6.898832422546907,107.69966945768533,-6.868532960348024,107.64508097015593,1
-6.859890716950222,107.59611389047228,-6.890283515053041,107.69496597307199,0
-6.96006320125336,107.66275012622899,-6.915132073567727,107.6365819520895,1
-6.947142859937219,107.60430894617748,-6.921205781901542,107.5523167147304,0
-6.965263679872953,107.61678009924863,-6.892452989248455,107.55209337821665,0
-6.931595294242256,107.64040087411495,-6.90513908929729,107.69222771533529,1
-6.9239809897793245,107.67978833826982,-6.963214772672997,107.58756652644918,1
-6.938083846380778,107.69745335507189,-6.909097181617806,107.5547307177732,1
-6.871085751399939,107.66292374621833,-6.873770285208613,107.63584713394407,0
-6.9278182501314305,107.60684268514677,-6.9154993667128455,107.63978380452645,1
-6.936931671935577,107.60741712036433,-6.964454819377977,107.643760771219,1
-6.905467930804378,107.65801316825423,-6.876189360434039,107.58278432445721,0
-6.953760908158033,107.57820434332294,-6.946496073387256,107.54241770947432,1
-6.874275922913364,107.55767585810104,-6.939613775646458,107.69440245911272,0
-6.961739012629692,107.59673954522253,-6.950902296317438,107.58014288731059,1
-6.852076190220618,107.58595823866466,-6.931008149202446,107.64816420608841,0
-6.877876178730542,107.58740929927296,-6.879738469016226,107.65306077918059,0
-6.946814375079592,107.57737724016799,-6.908269819687627,107.63760118673272,1
-6.9700362415217425,107.54673491034183,-6.9460732708470845,107.59006518307419,0
-6.872681536299729,107.54285982955736,-6.865184824606125,107.58337540060225,1
-6.885735747269517,107.69803558235776,-6.864974261034827,107.63562692523244,1
-6.8830733384014735,107.60844370139775,-6.86605647330947,107.67857530137788,0
-6.877993304328349,107.60149226354555,-6.941996695391939,107.69147739662775,1
-6.961799832861562,107.6487435652309,-6.916461030829446,107.55694492870461,0
-6.9276124194289785,107.57492062205841,-6.852304243331867,107.56477257801563,0
-6.95677253904508,107.69199378943203,-6.877904100347539,107.6911578014053,0
-6.866954968209754,107.66581520230649,-6.9674344759686875,107.65784563653357,0
-6.895779565155328,107.55430576036997,-6.962862408130489,107.68127901197276,0
-6.930926057412711,107.60681292412559,-6.9149354485071575,107.57242122146167,0
-6.96306028629562,107.68065892920995,-6.861411731255441,107.63401373937751,0
-6.933319924929777,107.69115712356663,-6.905948043886084,107.6521823351068,0
-6.931612964692385,107.61478424179998,-6.910862936534278,107.64881790167152,1
-6.883001337363765,107.63814582227371,-6.958022061265213,107.60530427053868,1
-6.894065591943104,107.56672543137473,-6.89175503141214,107.54246318267062,0
-6.864057028342326,107.69858698018191,-6.871883200095853,107.63326816908868,1
-6.913939765995534,107.57706747222136,-6.924973515097591,107.58049624626874,1
-6.956324771638216,107.69083708386162,-6.8774714555187755,107.61204067938287,1
-6.884967976575796,107.64394346383878,-6.854769906201122,107.69321296241341,1
-6.879253637156249,107.63723788718062,-6.946207271612852,107.60384565082279,1
-6.903234480852147,107.62203016176265,-6.907795778330392,107.6743682570663,1
-6.878029744969462,107.57690716987484,-6.936186017438234,107.57016649691988,0
-6.911345769317,107.56824448512089,-6.875398898832133,107.64759367968401,1
-6.907867513908284,107.57527779345124,-6.901273277421085,107.69632111271024,1
-6.9193095695933025,107.56983012194308,-6.894423193410454,107.55630289613967,1
-6.96764462096536,107.66473351577068,-6.87479071801417,107.54133119075635,1
-6.957731450475404,107.59602004146669,-6.923104349185973,107.60937324682122,0
-6.966922211880455,107.54925482825016,-6.860706173777474,107.55482007728823,0
-6.894203468566094,107.69505642082254,-6.906629930157014,107.6597414959482,0
-6.932914411074625,107.68140574159415,-6.9517138302951915,107.68632778621577,0
-6.909569802922003,107.68844036531124,-6.88705292599611,107.6094433556334,1
-6.861610509834084,107.69918525162343,-6.875349985677322,107.58139386274487,0
-6.940735074056305,107.56782323987512,-6.9326252464164835,107.60950453104107,0
-6.921371972651118,107.60339872302443,-6.86766705330875,107.655751650856,0
-6.879882753147125,107.66131815611266,-6.861781580777155,107.54144866585287,0
-6.943198460507907,107.65136329888861,-6.937416080617187,107.63431263831755,1
-6.961447014838579,107.56462334501438,-6.85248071897963,107.63812666958198,0
-6.935871875359765,107.6705332999985,-6.953786474328539,107.64203011950336,1
-6.951321201272068,107.57591049149387,-6.94641771665802,107.57872353279694,0
-6.858950342188423,107.57581081837162,-6.948556174323589,107.6542484357405,1
-6.873563930376357,107.62591590766296,-6.863242436857054,107.5546226378131,1
-6.894564868467447,107.63487038957467,-6.89205403521054,107.5718832538347,0
-6.865950437059436,107.63281379325406,-6.952417065156682,107.68039520746473,0
-6.874098616356727,107.55463789398365,-6.917773125112125,107.65819570411625,0
-6.9482742789218985,107.68039373802087,-6.89674117738661,107.54219928864183,0
-6.863414408381505,107.5824960068142,-6.960667616984276,107.57974020165918,1
-6.905871062521739,107.56072238740525,-6.8646335525174385,107.57430503727892,1
-6.87364569334928,107.68219969277904,-6.874106855039928,107.58332901248592,0
-6.862989825749196,107.69290423971677,-6.909974145816088,107.57960956324479,0
-6.932475982308382,107.67794041876247,-6.854451380845848,107.55000420731886,1
-6.957471758671773,107.66952257195598,-6.920485130291133,107.6134304826555,0
-6.943302193462459,107.64483871690224,-6.852409939651813,107.65723735596579,1
-6.919361643807124,107.62813717929747,-6.890416016143805,107.63707707595479,0
-6.872374625136117,107.55391788158583,-6.894412512954877,107.6476594669757,1
-6.867240183892588,107.60535251409132,-6.9507522215854465,107.5529838685658,1
-6.96986435391015,107.59963016272198,-6.864692283451782,107.69223851362828,1
-6.909308174230176,107.58156060540166,-6.9193157395119425,107.67415869341488,1
-6.920527197421517,107.65574721819017,-6.951199544624946,107.6688144509593,1
-6.944002641181418,107.61934011761261,-6.969184576098914,107.67167740880669,0
-6.956292182846491,107.55296739454523,-6.903417366826666,107.68923368130125,1
-6.930118656397284,107.57522931231198,-6.907306565420854,107.62708063457819,0
-6.857362253589716,107.64932140218554,-6.884233694591227,107.57204512285882,1
-6.9318510075711055,107.55218093751846,-6.8636909820272605,107.63868537725641,1
-6.9083413672664475,107.67619310624781,-6.961155328525908,107.65886103898687,0
-6.8861971211408,107.61922344432224,-6.882774121861089,107.65806678293664,0
-6.926991721794009,107.61689385237227,-6.94817308431947,107.62343184386671,0
-6.853891793656941,107.63478524554553,-6.867547118210509,107.55095339509337,0
-6.855013835147958,107.67194895454803,-6.8722485656338295,107.59937807014883,1
-6.940435768041791,107.59564947326436,-6.905696590650738,107.68732265735414,0
-6.910930729591735,107.64848258440945,-6.885328815605478,107.63351182556119,1
-6.934534427160024,107.63051711423932,-6.932915116395313,107.62613311092092,0
-6.936462172575828,107.58272452322711,-6.914065618548276,107.58301656230115,0
-6.966266188927985,107.68058079781683,-6.871939244895201,107.59895182718665,1
-6.897430367055616,107.66758816345711,-6.91549632329978,107.6832553742645,1
-6.910277981407891,107.64535229354536,-6.927692648507882,107.6466340876043,0
-6.964512254099751,107.67609307665508,-6.911295663840514,107.66598192428037,1
-6.93720669499876,107.67876707215358,-6.871144439857047,107.61269526769082,1
-6.861526440506808,107.65333807627441,-6.930407992706021,107.64083955511299,1
-6.94190466074183,107.6739221325382,-6.9498138565050835,107.57974137739892,1
-6.953283636374635,107.65159543386709,-6.88511591475624,107.65287373284536,1
-6.911867778214637,107.64882252348166,-6.871417418832489,107.60841621339254,1
-6.852224815415906,107.63897782051443,-6.958603375081471,107.61080728237036,1
-6.941604956364317,107.66043466232922,-6.9418671316467355,107.6438915719323,1
-6.889909307201814,107.56537681684689,-6.9536349668307285,107.68980489943503,0
-6.879153322237489,107.68093932147183,-6.928877442327823,107.55024101545739,1
-6.9421359672121135,107.67949496443924,-6.916567812335569,107.67195891797553,0
-6.883168394896854,107.54467956528553,-6.880691074297011,107.58678129766595,1
-6.9264924674471455,107.67213068009036,-6.892432060297223,107.61102711272102,1
-6.894696839162652,107.56061917879576,-6.896064386189093,107.54350613260401,1
-6.894549728766541,107.59361901668147,-6.92834453141752,107.5881673724535,1
-6.906299882974214,107.65896132100666,-6.869558004119212,107.62042099882082,0
-6.95984716963946,107.56572158336773,-6.914051282478741,107.5489881723756,0
-6.8702966400301735,107.67087472385906,-6.853011586450578,107.61857531670131,1
-6.932142236190398,107.67314146847325,-6.894476114976853,107.68833770061735,0
-6.948280475049938,107.62119483740175,-6.9555229780639465,107.55686291489725,1
-6.965798827985117,107.5410217394747,-6.889423457038533,107.66231051649208,1
-6.899674668228774,107.58592610130799,-6.93162249734511,107.60554736854016,0
-6.889256763706558,107.63870830694012,-6.888203470958331,107.6448277943239,0
-6.968706142962872,107.69698978848439,-6.962329133990878,107.58163785567764,1
-6.909146414392427,107.64109016432268,-6.94967925125145,107.56551876200662,1
-6.943475207821208,107.58156857297027,-6.867840381479525,107.5656740182834,0
-6.893150230592784,107.64144091249594,-6.943393017245773,107.55127871130291,1
-6.9497411552336,107.62639766075453,-6.870087656745799,107.5697034727842,0
-6.887649283880084,107.66477526322419,-6.93713101416778,107.64627510159823,1
-6.924214411374676,107.55711690221231,-6.893425594410943,107.68107049789496,1
-6.858105055353845,107.66176446440033,-6.887263101064119,107.6702601096946,0
-6.954169982513651,107.62660265258818,-6.9090788986719645,107.64962148957993,0
-6.9297038246037586,107.69407872061744,-6.934001656661053,107.55766909814578,0
-6.957060482746881,107.59469954656619,-6.9451401459601945,107.58626999140736,1
-6.8595518270829166,107.64121950290144,-6.9667106395815965,107.5895691000516,1
-6.865243809723606,107.6891244968816,-6.934165642570865,107.57999311142362,1
-6.939695416348639,107.55640155647852,-6.89218983257814,107.62240090555356,1
-6.891369917666692,107.68995655795784,-6.857915760822492,107.62568861038075,0
-6.872469891535814,107.65006171556813,-6.865981221231982,107.59710175602739,1
-6.903964862445744,107.55085392945684,-6.878619013860456,107.59660626539784,1
-6.907036000481608,107.58815417071149,-6.875928629340954,107.67256889566498,1
-6.941629354633766,107.65330753418326,-6.890768814602185,107.66628685573116,0
-6.959509047309731,107.55077609623501,-6.939413519720566,107.58924733306893,1
-6.862854665894011,107.63314727362821,-6.861655157309159,107.68620615101972,1
-6.862469749528968,107.59534128911248,-6.890077976108919,107.69245040272041,0
-6.8946012048357534,107.6393464828428,-6.903335036156151,107.5922788067248,1
-6.9299486191159465,107.54731872541001,-6.9573590658005395,107.5967079918069,1
-6.928725009131558,107.67944588898439,-6.9169639236344675,107.62090146454752,0
-6.883440127399798,107.69575823506838,-6.915364935801528,107.69057933000539,1
-6.8628673467537,107.69502045684571,-6.866779454135376,107.68021110930277,1
-6.864072211803333,107.65994429307887,-6.904992883933428,107.55641087401338,1
-6.876958959387914,107.56081379842091,-6.9249758540137565,107.60283691892343,0
-6.893527796132255,107.66132211134865,-6.853288600513019,107.62853939035996,1
-6.960586376207595,107.54393390663341,-6.957391384682177,107.62050119560826,1
-6.951272228565827,107.54353976824464,-6.919909678916905,107.57101809086991,0
-6.862693786539046,107.59177763506393,-6.965648634044397,107.67741068338691,0
-6.897807227028918,107.61818291046475,-6.881763524683815,107.6483105252795,1
-6.9695945143956815,107.66326518684924,-6.8603471984256625,107.6740653399763,1
-6.958503120547503,107.64932726025704,-6.937039512988031,107.67740228469592,1
-6.8909470873532115,107.61134443302028,-6.867527330448746,107.65973693658653,1
-6.970091597621685,107.58378026660507,-6.93557536869848,107.61027369619995,0
-6.951370872219616,107.69953992002523,-6.861225426570401,107.63768748080247,1
-6.904742198518137,107.60818900835775,-6.880073779187667,107.56565846497917,0
-6.887534197237338,107.61222192389275,-6.873950205423659,107.64778326679598,0
-6.892334256607787,107.56617981139067,-6.968535612016825,107.56868052091829,1
-6.943742829002841,107.6671695278,-6.854970195079702,107.65103193448162,1
-6.885096057594026,107.65098915612504,-6.883354146753147,107.57673570572064,0
-6.942182659682884,107.5753231380462,-6.934068918334587,107.55880820802405,0
-6.931586956281256,107.55318096729854,-6.871006761283967,107.56644551842288,1
-6.880971733104814,107.64887988833196,-6.936861151950525,107.54031874163506,0
-6.892614125534525,107.64472179428499,-6.865794988484152,107.65499833885657,1
-6.8686233460586,107.58372152431971,-6.957167837072485,107.65718416784935,1
-6.891654930345499,107.69213816996007,-6.886116945509213,107.62238933598613,0
-6.902389305879076,107.56416926268496,-6.905708043107282,107.56581804816886,0
-6.959440292907063,107.60917356816682,-6.959096556682508,107.55336869400172,1
-6.926500560472256,107.69097854722682,-6.941624361843288,107.54306063462997,0
-6.938822675404657,107.60715637070818,-6.969209034839467,107.56651970831444,1
-6.941372444865834,107.64216415162626,-6.914354090551167,107.6825368855973,1
-6.853744131318757,107.60361510367404,-6.934487915656648,107.57864589467228,1
-6.923449653495055,107.5838744323758,-6.898777430387409,107.59668341235476,0
-6.863476004067711,107.69743642367358,-6.9349720155134245,107.55685527751702,1
-6.894837137155129,107.60549344101041,-6.934649722796861,107.57557780875972,1
-6.8751636813142945,107.68305587258867,-6.881368177512462,107.62307593132483,1
-6.910283021408756,107.57679273694258,-6.964913231115402,107.6372404292953,1
-6.901356153067912,107.57409675264402,-6.862172021577924,107.5792563702666,1
-6.911499373202973,107.54498145326153,-6.86825788229818,107.54923714547603,1
-6.947231792866675,107.64426669206014,-6.890429877076186,107.60256525906038,1
-6.883861255745567,107.5989642149958,-6.899394767273092,107.57747253934822,1
-6.936951162034609,107.67829731997435,-6.863445239723614,107.57512862771678,1
-6.9677772208349396,107.61571358507065,-6.9484233124206485,107.69357804843416,1
-6.8931142300319586,107.69491094846636,-6.961207906704662,107.63860807774812,1
-6.949411296335272,107.56968408251251,-6.941910877576873,107.62910055090754,0
-6.85765687816078,107.6789797068729,-6.8751916909002375,107.60652401656374,1
-6.856037785044289,107.66425549644669,-6.966532633939477,107.60863109334883,1
-6.860733300295502,107.66334749514306,-6.9006466184229645,107.6265448006141,1
-6.926206924229295,107.6751653164987,-6.851048410553805,107.65142876912579,0
-6.9688421146932304,107.66176383855088,-6.867845329520728,107.6523433753891,1
-6.859116108776956,107.64019525146104,-6.908022228176961,107.56747102523288,0
-6.919232265372258,107.56099918042919,-6.963050362703745,107.62001804033227,1
-6.854508090750951,107.5452041887186,-6.870768903570838,107.60591329520547,1
-6.854872878753872,107.68733565565051,-6.898702783317099,107.67928431460311,0
-6.868168263452824,107.63866405032333,-6.95688505375344,107.64102702739494,1
-6.935307243173236,107.66744596655619,-6.9594183543642325,107.62520065062657,0
-6.924411253022049,107.61704357624201,-6.861362856303722,107.55846314274864,0
-6.868393372083674,107.55876931023398,-6.890262128394843,107.63690206229175,1
-6.932605974980215,107.56002972675242,-6.8710197267221265,107.55875262490885,1
-6.950326971848332,107.64969044595664,-6.865046736186072,107.59395305209053,1
-6.903772488252506,107.60884894318392,-6.901972963283792,107.5628547143703,1
-6.858174196145875,107.57208395627205,-6.908502948519044,107.65073178352391,0
-6.887037218439668,107.61865512747863,-6.918962625279417,107.57300033821379,0
-6.902178647355258,107.55027342993203,-6.932603020147507,107.60269749971009,1
-6.959019385448753,107.63311542430631,-6.918461565504783,107.683307964419,0
-6.89677613135076,107.58303894470963,-6.877679665381235,107.57269062134384,0
-6.851695527217468,107.66760945610196,-6.898348803591981,107.62124881023341,1
-6.95386190136857,107.58965791342777,-6.863418700547427,107.60708346578657,0
-6.908396775785879,107.6128352238531,-6.917405722271622,107.54289984656732,0
-6.86523975675426,107.5418592863853,-6.897727832638006,107.66684129817165,1
-6.881659612145945,107.55159150204713,-6.894816832118343,107.55104734501035,0
-6.886918707932369,107.60279896902507,-6.89957800109078,107.61588080335632,1
-6.88626141310475,107.61679021355475,-6.886243420475121,107.62970852719023,0
-6.9274891636233855,107.6360032876991,-6.942160497101348,107.64054823305834,1
-6.935410260319408,107.5866660125935,-6.909113873938996,107.65018106068926,0
-6.873414789111483,107.65119710178026,-6.958172178702436,107.58052358136364,0
-6.873324369959563,107.67761958355028,-6.924481738417094,107.54159660426537,1
-6.866477907306672,107.66477615822294,-6.912082418351724,107.6557509859768,1
-6.860928485582712,107.54633901205574,-6.892302644002634,107.62570505589562,1
-6.909236643656915,107.61688111156126,-6.856446167479138,107.67377883251316,1
-6.910417741378598,107.55678882854691,-6.898501741800888,107.67142213806412,0
-6.874744919488194,107.578727202538,-6.8813200112755775,107.67493218684606,0
-6.8925743355205125,107.69786601492275,-6.909846819648677,107.61761514559673,0
-6.886323581353624,107.56279928686425,-6.894480695428565,107.59338054333391,1
-6.875045721133781,107.61982210455223,-6.9621739476207205,107.66664931241462,0
-6.863721357913529,107.6389049174909,-6.94012213198281,107.61220705808469,0
-6.930072982146445,107.65239439528706,-6.927205258196742,107.56935075142455,1
-6.925554929092678,107.62954378935791,-6.913906298728217,107.67679584312984,1
-6.959403370831128,107.54156333558707,-6.965213020790613,107.68120958028358,0
-6.90119072705226,107.59223380931904,-6.953869103474092,107.61460956098243,1
-6.966379738689631,107.62283386294156,-6.937426920203485,107.55211195636957,0
-6.914735118220478,107.55405863986319,-6.853921770553694,107.60205217438671,0
-6.9054741149081496,107.59610030899347,-6.930872089746213,107.66856602551402,1
-6.93625774149418,107.54531249740663,-6.912758664814928,107.6842838445674,0
-6.899681842079605,107.55257255954481,-6.947129054928845,107.57255563879963,1
-6.967033869957326,107.60350772419226,-6.897284235456692,107.55071577792405,1
-6.966210747712345,107.56123452064689,-6.93696187749498,107.68037607250126,0
-6.871823412608709,107.63080653572186,-6.945819492071701,107.60230479023663,0
-6.927405084902366,107.65031439506197,-6.908607970060793,107.62668175428281,0
-6.955427326379243,107.66809387185745,-6.970038202940917,107.69489052992813,1
-6.9079263601414125,107.57202403907918,-6.969778783275563,107.55065035646628,0
-6.878146774917547,107.56679721316145,-6.944367929145956,107.64373088119234,1
-6.944758312494879,107.5567308544535,-6.966286092227401,107.55185686761199,1
-6.895828564806556,107.64182883992699,-6.957715304353491,107.60007502855464,0
-6.960441234707749,107.65303611623791,-6.929968949949482,107.66861032723095,1
-6.964487857115533,107.54505378317211,-6.874229201314507,107.6093555572409,0
-6.906831173285509,107.689793959399,-6.90193975306701,107.69954917662447,0
-6.905715658382466,107.54831540538424,-6.909077339340039,107.62944948559146,0
-6.894080925839916,107.62660741364817,-6.935422643450384,107.59138594442176,0
-6.883423821686536,107.65344968311216,-6.8587032029241755,107.57521781214477,0
-6.853402580048604,107.67935505979938,-6.922978792043289,107.59608328548579,0
-6.908640698134197,107.65425390914119,-6.960231449431149,107.59960532380153,0
-6.931880631952462,107.66827649329117,-6.89652860476264,107.55099418843584,1
-6.875118619388802,107.59431203080685,-6.957016625104113,107.59913187190828,0
-6.9381459633982985,107.67037201819944,-6.929204178235237,107.61427816315827,1
-6.917935635231182,107.55281837542155,-6.90970908496612,107.65563804035821,1
-6.961269542962659,107.6831706649697,-6.865618452532842,107.64507671755545,1
-6.9676528406414615,107.6276147801846,-6.911375701043117,107.65340250483666,0
-6.854989660555714,107.670767643194,-6.886288496322994,107.5413381891003,1
-6.870215189514433,107.61237092552294,-6.851363415952312,107.57482678393289,1
-6.887043900427537,107.64297243123144,-6.954895007788263,107.64586948614398,0
-6.921543856081405,107.62422442574979,-6.937677270632554,107.61743829890877,0
-6.9498700227274846,107.65705432348086,-6.923271955713163,107.54085015610694,1
-6.951896267470936,107.5530607971249,-6.919996252939632,107.6687191427891,0
-6.940620803640615,107.54965633343849,-6.921295266753082,107.66364953172646,0
-6.9046829549023245,107.57953651744162,-6.861605157492702,107.62774706607897,0
-6.884805570091452,107.56552714881812,-6.884873276135084,107.55063413212422,0
-6.891344275318529,107.67948537065476,-6.897629793266297,107.66264240792522,1
-6.937051945587098,107.57507423797729,-6.9335133993128935,107.63339417403702,0
-6.855925193264285,107.69613844093107,-6.8716803958166,107.66511359634528,0
-6.882004790613169,107.59390332668339,-6.855901726519504,107.66027951878334,0
-6.90406664288813,107.5691388665102,-6.871991966437463,107.66848033151325,1
-6.897171166302631,107.6663517611428,-6.970511874355985,107.62288129062475,1
-6.920264072496179,107.64539324408014,-6.894204555303954,107.56245192291097,0
-6.940922735061961,107.61971131463251,-6.96455352715066,107.64738519574075,0
-6.927912084026119,107.62885816815003,-6.939735612115887,107.63927580560832,1
-6.879606897522183,107.65507228452357,-6.963545131018198,107.65876050995186,0
-6.968969902666704,107.57655275861302,-6.898123786555484,107.56718096096813,0
-6.956748068611069,107.69941342656908,-6.888171892398189,107.57119603198406,1
-6.965170482428985,107.6959669059435,-6.956938585904478,107.6824655227551,0
-6.96580439796126,107.64405210981552,-6.924562566257993,107.65999644775233,0
-6.867873637801877,107.57192679214867,-6.915860371623544,107.68531655819206,1
-6.886120325302521,107.64883651878901,-6.9263398267843375,107.66139445138623,1
-6.913704305743703,107.55155174543667,-6.95615279494168,107.63554484895845,0
-6.95894033388975,107.54490440035293,-6.920342475619465,107.64466123792447,1
-6.9116077718109565,107.5812292621618,-6.880408398653429,107.6822604678304,0
-6.913788693152176,107.61401967307829,-6.962164878723103,107.63260908072192,0
-6.949881135236816,107.67892360086535,-6.961062362307355,107.64118261189255,0
-6.918551031761596,107.65634705116261,-6.928056490721315,107.56503627456058,1
-6.922799730925436,107.65883304339201,-6.857504569463406,107.61582739521859,1
-6.896674818214124,107.60807893351169,-6.890337567863906,107.6546235379133,0
-6.894361743165709,107.59534959880752,-6.889123871207958,107.58335083173063,0
-6.9652544580254006,107.59936620207755,-6.9271972171012886,107.57236066888393,1
-6.925671563721898,107.69802393019778,-6.899341972896734,107.59021228931591,1
-6.8954716381311485,107.546417470626,-6.969482231679865,107.57864010047886,1
-6.910223021718673,107.6787250393796,-6.894241255221573,107.57438602192583,0
-6.867749921089164,107.63258806537159,-6.860922908901337,107.6079761348589,1
-6.891525025479403,107.61017846707034,-6.897068669104953,107.68525416222137,1
-6.951115281864812,107.65604122566643,-6.865681429065345,107.6211295434782,0
-6.962217636562468,107.61786703062796,-6.883678438732976,107.57006726093046,0
-6.893481202759601,107.67974771809307,-6.956208878348276,107.55231546710094,0
-6.967513340472897,107.6841122982418,-6.862225112464242,107.65138498322207,1
-6.90028977513093,107.60747534829976,-6.962713449908436,107.60124780230983,0
-6.8576843249807204,107.58429244755762,-6.906517109799759,107.67149295145366,0
-6.90152800381932,107.63477605257495,-6.953615117720027,107.64552172298252,0
-6.924041974869976,107.68597813529867,-6.969292865390146,107.66739863208662,0
-6.893376756143229,107.5737059502409,-6.919971481932658,107.58351136630695,1
-6.91561800256292,107.63967465337016,-6.93523610693997,107.65077742759377,0
-6.905116861924225,107.64104963521481,-6.912282740645528,107.582249917551,1
-6.857535929985062,107.65729808358645,-6.901320573614507,107.69025095671205,1
-6.924290462936347,107.56105082962037,-6.965442563508464,107.64181988504535,1
-6.855164894228365,107.65453199434914,-6.955915003926125,107.59192188802805,0
-6.861876852836882,107.6854452033065,-6.903551183946659,107.58312189796676,1
-6.947165905598326,107.56874929741925,-6.929451284148646,107.57054825361146,0
-6.962362771634805,107.57800693198783,-6.883053346796556,107.651142553423,0
-6.958586484234433,107.69542321504666,-6.892294543839249,107.57499449807968,0
-6.968509736556683,107.56895631243353,-6.8690583555686135,107.63524852254841,1
-6.959347956117138,107.67670161493913,-6.887462362234359,107.58234160430806,0
-6.888602585835354,107.61876445703169,-6.9190222844977045,107.64591503116702,0
-6.96214312445508,107.57955697190451,-6.889809411988189,107.67039035656649,0
-6.93235912923869,107.6793199842036,-6.937599182854498,107.66448403890315,1
-6.869145987621471,107.61124884080043,-6.933881117446859,107.66173621294892,1
-6.967902713324554,107.62237077662876,-6.875863983777521,107.57003558491077,1
-6.87280088839281,107.59747733910396,-6.91704037412853,107.55414159151753,0
-6.936821056072238,107.63487213622959,-6.874734683069694,107.65183181255799,1
-6.956496587719877,107.5661638196136,-6.871844830685073,107.5989355542071,0
-6.886952192723229,107.60257304586429,-6.867621007013114,107.60917539622454,0
-6.895101069817058,107.69510597157365,-6.860520444651887,107.54498385484695,1
-6.865227863974049,107.58130134923219,-6.918895576494302,107.58153223188401,0
-6.882344460534773,107.64507786632662,-6.932372208437799,107.54538822461993,1
-6.874121592167741,107.59203041027595,-6.900719710659388,107.6806697236162,0
-6.936799444376929,107.66375570010986,-6.926085074702797,107.57894346931496,1
-6.949371766837677,107.56093978571494,-6.898450885150612,107.62917394713169,0
-6.880476106852769,107.69517136721257,-6.885888579310213,107.5462366913058,0
-6.873718464340075,107.61260632662139,-6.887953716777245,107.64669558260891,0
-6.851641281931519,107.57776807413543,-6.925678742980182,107.59168437532065,0
-6.921103355235247,107.55175947957281,-6.95064340375581,107.68366706991323,0
-6.925983426087708,107.56716126481402,-6.918950373516843,107.68209891022944,1
-6.877375162118812,107.62316383176896,-6.953560183881354,107.59204649893789,0
-6.929735414461588,107.593920508229,-6.863710336370906,107.68415374331047,1
-6.858822969462452,107.67262133854122,-6.929125529219309,107.6993852277598,1
-6.86751878722847,107.6089420037859,-6.952133938383756,107.67206650625984,1
-6.919134917909523,107.57979428361402,-6.967641179259329,107.67517941564084,0
-6.8804452976514625,107.63874319785666,-6.893072149168365,107.57984139777746,0
-6.880003946535021,107.65308435470168,-6.89414434144194,107.63227238381725,0
-6.958304510965921,107.56672670526416,-6.929759379176929,107.55076094623479,1
-6.862213140617117,107.56681907460613,-6.962080230960512,107.55518686989147,0
-6.9099686648317675,107.54586742830938,-6.921462606833593,107.69982281792532,0
-6.87135981257385,107.6578243224105,-6.93329165709338,107.59226227990816,1
-6.932230037956121,107.6462087244195,-6.889310099103852,107.65970942592782,1
-6.863058107934757,107.61594094011997,-6.897885334215787,107.6690664084843,1
-6.923917958216154,107.67506727183508,-6.926875833870656,107.67728372336116,1
-6.969397314292068,107.66890722447201,-6.94450931497855,107.69962052758434,1
-6.861873086434405,107.63365669830348,-6.851938076868098,107.5786394376411,1
-6.959727341450306,107.67892340488213,-6.916129005132227,107.54645613229756,0
-6.932318500761632,107.5729345936059,-6.8879694368592155,107.60579064287914,1
-6.856502551560493,107.55790713910365,-6.953805533297081,107.56081290717263,0
-6.856437020938106,107.58315993784272,-6.912332118100941,107.54358814226593,0
-6.901772765847581,107.5491338969743,-6.96739008627169,107.59766829234265,0
-6.89475316709719,107.62498712448017,-6.909944294827164,107.66539812017204,1
-6.916796848258206,107.68985691076719,-6.854825107664452,107.63058891059602,0
-6.935456065241893,107.54629496650696,-6.924518353099107,107.59004447827367,1
-6.931194521646536,107.5595375862416,-6.966012679288496,107.64469472087885,1
-6.88986328157954,107.61235184452535,-6.966979113931495,107.57712290884942,0
-6.880264581561591,107.68942000280447,-6.9240639914543864,107.54230103137154,1
-6.8755521989441535,107.59058497679628,-6.951465002637124,107.66229654182983,0
-6.875787899236095,107.62115756939015,-6.967893078021352,107.63979889357825,0
-6.959737026413547,107.54665165744807,-6.879803123603189,107.66196841992016,1
-6.911270679374749,107.56373491215393,-6.915585534332397,107.54623008267004,0
-6.963781437045999,107.69786081967342,-6.935932778408887,107.6739391404529,0
-6.904646628344687,107.69441899142977,-6.862510001401419,107.63912419200581,0
-6.91762803373492,107.54079039694952,-6.956740096983896,107.63014325611402,1
-6.863997957232453,107.69228988566772,-6.855798556759571,107.63993824769832,0
-6.92852001549124,107.64225919005048,-6.932961200571242,107.67830931949894,1
-6.956628544625402,107.67886692712321,-6.863913878588496,107.63390984104943,1
-6.9535123998172494,107.61275837690143,-6.8982262662471685,107.63295206078212,0
-6.87916642206756,107.62249536457269,-6.871329775359073,107.69850866513053,0
-6.896390188789385,107.61821545284111,-6.8524216177821025,107.66107682673098,1
-6.958545054330041,107.64669828120738,-6.936033666374187,107.61076700887219,1
-6.960590361904977,107.56234420076102,-6.855171514654008,107.65318352000527,0
-6.886443510398614,107.54479577437964,-6.923884276232729,107.6022768754707,0
-6.9619538866350235,107.5892687906546,-6.924361469050622,107.57662007399736,1
-6.8719124208733,107.65274892203787,-6.929785470068609,107.63549630030205,1
-6.885809684295789,107.57229655233968,-6.9056228055968205,107.68850913569824,1
-6.960921876566844,107.64774918933199,-6.952171765809946,107.68866232320248,1
-6.96050250676696,107.69518592737717,-6.904143879459967,107.59470484449689,1
-6.852105922664159,107.55502411452632,-6.905587081548318,107.62442839459547,0
-6.925712650350114,107.64761633891602,-6.8791194021248945,107.57386174377119,1
-6.92614881392256,107.61100003508874,-6.870495274575102,107.69930097751983,1
-6.873001492015648,107.67890276070041,-6.9177589496924465,107.69697886525887,0
-6.85684072099846,107.56834396631159,-6.93435954342795,107.6439214287532,0
-6.8521826721284915,107.65082015235619,-6.939527945342485,107.66870624954839,1
-6.880143942131875,107.6740984463437,-6.947306214828075,107.65441602580539,1
-6.925473597819184,107.69113827511585,-6.963770760619677,107.63490531504632,0
-6.96066321385282,107.64931968452635,-6.929537752944068,107.54853567951822,1
-6.877286940705522,107.61954796224136,-6.93821622740588,107.61276229480843,1
-6.903579809181756,107.6388555584322,-6.854536630218858,107.6479658083468,0
-6.919708514488513,107.6790247975166,-6.903663399084745,107.6484050582214,1
-6.861756202911613,107.63129755946221,-6.928957299908533,107.59969961894758,0
-6.957334062626801,107.5448619295515,-6.900927794360558,107.69067071786529,0
-6.9114864624642385,107.68895179128111,-6.953968556498247,107.56677712515788,0
-6.969335291898956,107.65032428016505,-6.917325941345895,107.62005751139449,0
-6.914366990832306,107.64824214172437,-6.8954266345651885,107.65054143624813,1
-6.963932346263043,107.57450802438365,-6.911934480618547,107.65154172894269,0
-6.956418086464578,107.64542167523723,-6.92240618816135,107.64378223308302,1
-6.956573345137392,107.60301830490467,-6.851239423654256,107.5840461141523,1
-6.8926649216856495,107.64419727632664,-6.8648861655896996,107.56499305098987,1
-6.881025405512296,107.55705488484928,-6.895766603829236,107.64175045229227,1
-6.9005790744353215,107.64525524873649,-6.90226084118589,107.63588833858232,1
-6.855046859673361,107.69990619612331,-6.896096610325085,107.56869696164628,0
-6.925640556341251,107.5477139262177,-6.9465022846397435,107.6528222632913,0
-6.93635740722892,107.69634786947542,-6.923204443259629,107.61282751867739,0
-6.866294384791627,107.60510527371567,-6.965956964146514,107.6468416946565,0
-6.943823780209962,107.67932055205397,-6.913539366294083,107.67397873276323,1
-6.854920650759238,107.66518167744933,-6.905428445008289,107.56715654857231,0
-6.969239032142284,107.63072260175787,-6.943324481720394,107.5430631788795,1
-6.854120565029742,107.65815187348022,-6.854823732570705,107.66465641382332,1
-6.96551217858354,107.68056248980822,-6.861383555765344,107.63755158802442,0
-6.863584597733492,107.60466245146416,-6.883898383098201,107.65194233113954,0
-6.907270326687827,107.59232530585012,-6.906586927222404,107.67410479599819,0
-6.851345631506461,107.64681494169018,-6.866129707010349,107.66844974957192,0
-6.961829652918805,107.6692553507106,-6.9549955882724195,107.69374722350861,1
-6.904126715014962,107.66196562156426,-6.875680722728159,107.62574961261635,1
-6.854189835218585,107.66765018381739,-6.955696538161185,107.61815930122559,0
-6.907823639130748,107.60969333037008,-6.875235878361561,107.60430195198252,1
-6.895046283696142,107.670853474588,-6.937552738296187,107.56459056685507,1
-6.8870710075840496,107.5592334488593,-6.865273712161614,107.63161715726113,1
-6.916064164014914,107.62711825567374,-6.8572261403221875,107.58432200389217,0
-6.895267518773895,107.54092138567971,-6.952814724477505,107.68740920195408,1
-6.900465419706843,107.59193373278404,-6.91508639227114,107.63331052868433,0
-6.862380807138983,107.59863384557943,-6.852785317144845,107.6348544288813,0
-6.965237345082957,107.60338763065748,-6.912594426196028,107.59678794574033,1
-6.936928224611014,107.65127475307038,-6.866901587793752,107.54831829631644,1
-6.856460539613998,107.60216929620326,-6.899934471039815,107.54507900245969,0
-6.863690293176312,107.61179097961961,-6.925585345068064,107.60773362306452,1
-6.9159300583151575,107.5780070609399,-6.936348816625791,107.55353046049557,1
-6.896160061744255,107.5997202866607,-6.946272584451452,107.63709551288643,0
-6.937358781805668,107.5763631403621,-6.879131857396401,107.68095568090234,0
-6.9480878366012035,107.55171134780295,-6.924237831079872,107.681266370643,0
-6.914963451726214,107.63655177494103,-6.90924468944347,107.64544726562116,0
-6.928227062191269,107.6469140477688,-6.911522477303858,107.57379709303568,1
-6.900544535355525,107.63911845536154,-6.901311060686178,107.67807949301742,1
-6.961356296636809,107.6141590470081,-6.866657627095929,107.68177494965012,0
-6.853577744118527,107.60076572482868,-6.852815130901272,107.57146457359248,0
-6.852157468513552,107.6781333839315,-6.921708378129427,107.65798817372331,0
-6.886780961974827,107.6230530856218,-6.871232225562823,107.58584312782834,1
-6.9062612167654365,107.61666910042076,-6.878803759082503,107.66842244997648,0
-6.933494780522383,107.54410273052903,-6.90176182003504,107.69955806398458,1
-6.872881838631225,107.59459965242019,-6.855783133337846,107.5448041608527,0
-6.888395313059024,107.60083129900575,-6.946602963233486,107.68357853852655,0
-6.951153443890744,107.6038116449435,-6.957566441920783,107.63962088537579,0
-6.86120655242384,107.63282757907638,-6.868053771571958,107.69574121906638,1
-6.8718310234006355,107.62537640747631,-6.917914192040623,107.61440152280423,1
-6.856534050422311,107.63726481484696,-6.868894343724311,107.67558206889143,1
-6.883468515091719,107.66238132184674,-6.863350557335512,107.54998305097573,0
-6.896967493448519,107.67007771819458,-6.963192597246987,107.59364464801253,1
-6.920427187037868,107.65489969219624,-6.864507535489076,107.5507226460402,1
-6.8585860363008475,107.6928837913528,-6.916812049544595,107.69605490135666,0
-6.866599120482051,107.54291721322822,-6.909346014821692,107.6707158251635,0
-6.965264715853236,107.57132447770937,-6.895383580166596,107.67640758739935,1
-6.9675306896654305,107.54121005999652,-6.859348810671044,107.69007443702942,1
-6.925449103301259,107.64359595426474,-6.968402245449543,107.55361655777916,1
-6.8732714896400235,107.683684887832,-6.913383415108198,107.60169561480214,1
-6.852029409256344,107.57895716745222,-6.888035810499847,107.55136558224704,0
-6.952619889689356,107.68832552716741,-6.883830623684673,107.573726896248,0
-6.899285488014674,107.54964278244634,-6.88745760172924,107.57669852432603,0
-6.924916919032952,107.68950976428889,-6.954540897445144,107.61505715376762,1
-6.854116289382685,107.59625962995834,-6.934712650277724,107.58296994679259,1
-6.869477305439088,107.55622733255188,-6.927582393844875,107.55615649709085,0
-6.869932889693722,107.61773948146981,-6.874006647636923,107.56679857425506,0
-6.9143630821926445,107.58108425083529,-6.937193063335771,107.56356409016834,1
-6.920838695819013,107.58557966431391,-6.945373263343162,107.69569228766598,1
-6.937836469953929,107.58916639438822,-6.855614748111621,107.66148680110696,0
-6.963923665302558,107.66848414365323,-6.969634633129361,107.69484183444314,0
-6.866760370374143,107.62626580426804,-6.850761933147027,107.61035847784127,0
-6.8729892987025645,107.58980923186496,-6.889346079877341,107.58453895706603,1
-6.850533935671008,107.63765340532976,-6.8711179902062165,107.66772691155347,1
-6.8509042521837165,107.65458410787572,-6.935286748559188,107.5922006268866,1
-6.903937108986565,107.58361984011736,-6.968979303624419,107.58790133979286,1
-6.878267712695303,107.60616785624406,-6.882008083868905,107.57720095875325,1
-6.857139159268132,107.55950177493392,-6.870435819440519,107.56074863651588,1
-6.868572383640576,107.56898389592556,-6.881694768939187,107.58103408976268,0
-6.9409687581704675,107.6489788566344,-6.953529395466439,107.59685115975583,0
-6.9165445949357265,107.56903013563131,-6.880137963744713,107.64783907330332,1
-6.9551750382987905,107.62402614138674,-6.878275481590662,107.55001037475512,0
-6.856023066523502,107.6534474018756,-6.891543430016459,107.57368111034646,1
-6.897837808939005,107.55710030769517,-6.8786128648779705,107.66944378244668,0
-6.943217134778484,107.63076995514064,-6.869020242950737,107.56350750777341,1
-6.889961577734416,107.58105004539222,-6.896944785468658,107.59482322344361,0
-6.896400985496961,107.69406830003801,-6.960049713380845,107.6783454274973,0
-6.927648841292452,107.61736730347519,-6.912087137278001,107.56478804978296,1
-6.9570503774176045,107.66895880796403,-6.961366549972473,107.55323789369892,1
-6.889976901889746,107.62803624674501,-6.921713327669901,107.61752607921281,0
-6.908159014351364,107.54694600525677,-6.921765800007099,107.58838712180457,0
-6.877867329313377,107.64130422009505,-6.962765616734343,107.63014533831742,1
-6.908176347166338,107.69222453475307,-6.928771771816868,107.66860878247736,0
-6.868267783661712,107.63625789122342,-6.957358028525284,107.56194375810445,1
-6.904360797979307,107.67107021750829,-6.873550127756892,107.6329118535287,1
-6.9032752558214465,107.68147303413575,-6.8567878992790705,107.62088140166239,0
-6.865326236960467,107.57649276351184,-6.962007559673996,107.56305260576212,1
-6.92220135948127,107.57392717438532,-6.855895152083538,107.63983975768464,0
-6.954591369540233,107.63775695821616,-6.9078862927597235,107.58378246685773,0
-6.967240322307137,107.60576455516907,-6.934692205509944,107.61805349096704,1
-6.879932501868031,107.67437780845867,-6.961461178551805,107.55316357188434,0
-6.896138791927314,107.68400369974368,-6.910524962977936,107.61353344915419,1
-6.886069611874474,107.59654742068844,-6.875199231552212,107.58903415488686,1
-6.945101707786629,107.57789928943592,-6.885708205432543,107.67158099378966,1
-6.95430814863447,107.66488408243902,-6.964662833422031,107.54911659631958,0
-6.968951731186721,107.5839689656877,-6.961937199388778,107.60697716398694,1
-6.928559375431447,107.67161829096219,-6.922274631427557,107.61334902786103,0
-6.8997918940400735,107.60779812058381,-6.935206082615437,107.65600097220786,1
-6.923552265779012,107.64680798388665,-6.942767404368663,107.63188601201443,1
-6.918115514372748,107.55528565021355,-6.936923259231173,107.64675397395108,1
-6.862020124921852,107.63981749194825,-6.874121374255715,107.66432788570428,0
-6.928839692863799,107.61228282859796,-6.859006787953452,107.67795247578532,0
-6.9089184634029905,107.63385735410807,-6.922006656117786,107.5902200794756,1
-6.876504907868515,107.56688227323919,-6.861785457543674,107.62608363285823,1
-6.923035557564983,107.65789979919107,-6.932056216710005,107.67441729255027,0
-6.89592517863261,107.67804753240692,-6.913432274241476,107.69831218095442,0
-6.867043882208641,107.57467836801453,-6.943531314462517,107.68232308976701,0
-6.856567621036351,107.55531432888323,-6.893714779730463,107.59943476201991,1
-6.95302176759233,107.54378217376743,-6.853026469955989,107.571226642755,0
-6.859324167455589,107.64271544007093,-6.898160129855586,107.61830280598505,1
-6.91154762157184,107.63713504577422,-6.927690747089551,107.65866263229377,0
-6.939659024526465,107.62747158603426,-6.892832342991938,107.61881105132053,1
-6.915511882100161,107.57711153537856,-6.95592493444846,107.6173089381302,1
-6.8529000844506855,107.60254495934488,-6.8638831785521,107.67411686737309,1
-6.9114873051020576,107.63511621362979,-6.910229309116263,107.59782460465075,0
-6.931184056443442,107.61948269741747,-6.916688161006835,107.67756714796987,0
-6.89456521731113,107.69804568323438,-6.900279052427887,107.60508876815229,0
-6.941834496622861,107.56183036040909,-6.895600979692714,107.59251729690854,1
-6.9615812279613385,107.65122312864762,-6.962072548091573,107.61263838579195,1
-6.95520865742634,107.60469100289669,-6.888649410008947,107.66199151338799,0
-6.9553088901572755,107.6085119383881,-6.941619812026073,107.56016032445824,1
-6.952441296239822,107.65481564250531,-6.884882893572708,107.57142707453953,1
-6.954012973847541,107.65078978421191,-6.87183131771502,107.69223117210609,1
-6.893666855674653,107.69860095899236,-6.874064187392187,107.56807866038102,0
-6.948838013855223,107.56054308631266,-6.904289383717572,107.63083637086898,1
-6.929150792544472,107.55665754390147,-6.908175578944248,107.63269031466591,0
-6.862906033129297,107.6558942107406,-6.953526309447002,107.61833991392804,0
-6.913729810840403,107.63254190672103,-6.877503392721543,107.64315923977229,0
-6.890459559829773,107.58386570664958,-6.9380765924703045,107.57677227612763,0
-6.949987151481564,107.55270709903824,-6.910997210177283,107.62842596284429,0
-6.9475868599391974,107.55370531993543,-6.936530254030113,107.59954772083951,1
-6.965787592324769,107.68307053994626,-6.954613830767437,107.64586676154067,0
-6.950394005418726,107.57069877195501,-6.895027164833613,107.56259576693971,0
-6.937213441248359,107.59173944993849,-6.964169289414287,107.63134038669432,0
-6.949423339789935,107.57626502435632,-6.880712842858031,107.56964325686134,1
-6.9600379554424014,107.59679940893311,-6.932526067209614,107.58458289009842,1
-6.956199568293708,107.55110781483938,-6.97068380990086,107.57499356805178,1
-6.9153143920824665,107.62304956654533,-6.909262277463685,107.56925404477902,1
-6.945898687047624,107.55081801017477,-6.965068400594982,107.67211375224971,0
-6.9269147627020216,107.66805704125159,-6.937504419149928,107.58571321082574,0
-6.910189244043246,107.57739393310567,-6.885721426207823,107.68833980509831,1
-6.887714541598751,107.62640190633672,-6.963164707481051,107.69518824405523,1
-6.9659746807911,107.68081265400984,-6.869811513218809,107.63140167518993,1
-6.874610870051133,107.64414037904756,-6.970240845296439,107.56288017962652,1
-6.895226373183193,107.62527324584822,-6.941031770921931,107.59992771894073,0
-6.960872564359746,107.59189340049846,-6.881643332450521,107.66763716213572,1
-6.865695849382366,107.59328030608931,-6.932684328002537,107.59878251659154,1
-6.860011137456076,107.64711791283172,-6.958452534954465,107.55392275492845,1
-6.963358429225445,107.6990622977954,-6.927399882960189,107.62908558574851,1
-6.937419306692706,107.6458942703759,-6.93819872697658,107.67521933623937,1
-6.873794606168874,107.62924534677921,-6.869406029360301,107.66734822194296,1
-6.880759185215885,107.65690408163829,-6.9330355803062655,107.56801970242086,1
-6.948520573473363,107.6144328979654,-6.875870316892524,107.647642338306,0
-6.945536211334927,107.54962277481613,-6.86349696819375,107.57528068214971,0
-6.926169253244476,107.62996749054047,-6.918555146166901,107.57491320552835,0
-6.91246033718004,107.69322004552086,-6.861324834108702,107.67985148372884,0
-6.896385776462059,107.56804847077723,-6.925346369913624,107.57994703243844,0
-6.926356580523714,107.6504007825313,-6.8548177743378895,107.58211957544289,0
-6.915103327120796,107.57214939018546,-6.959967399152026,107.54010454252182,1
-6.880853993236323,107.6257324295157,-6.888120284166311,107.67930704546009,1
-6.96629067901255,107.55546823194348,-6.911343552337077,107.66681517011347,0
-6.940357079289849,107.61205934980131,-6.924104613584231,107.64037262961452,1
-6.884955379776677,107.66098613262324,-6.894648032174418,107.66004252223021,0
-6.863096138109999,107.59561144387824,-6.886096377585553,107.56432777078793,1
-6.909196371457697,107.64638587591796,-6.970175534988033,107.61333177513401,1
-6.906739959071109,107.66727199372636,-6.950632238732586,107.59619510197581,1
-6.957817924236958,107.68834845111671,-6.884991864713755,107.55500424420113,1
-6.916921033507821,107.57754273309688,-6.8906004732879,107.61778087763439,1
-6.906679404572106,107.6038905465295,-6.854581089883533,107.68731834405483,1
-6.941555045463105,107.56438656213287,-6.879223257611856,107.54640945904812,0
-6.938336963639885,107.69879736034534,-6.856417120530693,107.58663374615901,0
-6.925350443594825,107.6883201548679,-6.886254631715516,107.57320654979291,1
-6.968287442027117,107.6263931408449,-6.934874124521539,107.57810346458652,0
-6.931986084296902,107.67472532710023,-6.958035136345447,107.6853495283007,1
-6.945283949559015,107.62335327636353,-6.8767247716259385,107.61489104867749,0
-6.931334818268215,107.63977371008045,-6.893273263578595,107.61460790607038,1
-6.956304591755326,107.55425990913857,-6.964908041310326,107.66169210279286,0
-6.863658620855065,107.66084326727949,-6.927421933998702,107.5647187526408,1
-6.899350187082804,107.56043415738165,-6.8556926621787895,107.61796245665602,0
-6.889071901238832,107.6721708208404,-6.9105517822856335,107.60879763425937,1
-6.875841617119399,107.66512449402727,-6.918685957850432,107.63550571048746,0
-6.910787247688727,107.65339915163888,-6.9156845074598525,107.69992923252008,1
-6.960252181371891,107.54578566088396,-6.9455922965745795,107.66311182305313,1
-6.906139793673411,107.58850053695126,-6.926381398062052,107.6036585124828,1
-6.900161697613891,107.58209801118574,-6.926248446630342,107.67240848836386,0
-6.881098175203044,107.59762182519545,-6.964406926573465,107.56731333813,0
-6.918814522543193,107.55402283948222,-6.878438371052146,107.54487418980943,0
-6.955364847603973,107.68991325168497,-6.920636167285154,107.57271173959428,1
-6.936590136122994,107.62860835851399,-6.8718739776046665,107.59446584897829,0
-6.927057507972884,107.58888388970529,-6.868488170265389,107.62169292119353,1
-6.893060747591941,107.6035170427319,-6.9452183146252215,107.6384206624866,0
-6.902092447778797,107.61155240648078,-6.891686111443151,107.68569691475432,0
-6.927897173547079,107.6360950933377,-6.91393172713961,107.62157664152808,0
-6.852120867095084,107.62250870843144,-6.864905160101838,107.62020410314013,0
-6.8978858667133025,107.6871027157143,-6.9447679703629905,107.54803888157169,1
-6.942185339633333,107.61951415726493,-6.889226853322733,107.545585848425,0
-6.958465746791028,107.69874528237173,-6.897648194905223,107.62818559390662,0
-6.952326331470044,107.67622799323922,-6.935204762395866,107.61010857811974,1
-6.941135881048182,107.57336168229718,-6.954280571381129,107.67426886319686,1
-6.951386098934202,107.68889523434304,-6.892372900790631,107.5657087335539,0
-6.948274643709033,107.55861862366169,-6.881920585532494,107.54399546593874,0
-6.936431560722999,107.67079195335859,-6.932761593279645,107.61184620286882,1
-6.949860493845571,107.60089972695626,-6.893191120996518,107.57799656908037,1
-6.862908795959904,107.68047589127121,-6.923205264905097,107.54793829973423,1
-6.96105590377147,107.6788890704172,-6.88497253262943,107.65593572589563,0
-6.907653730973656,107.66894806401882,-6.946754323957735,107.55785487999317,0
-6.921370301395843,107.66640486980913,-6.863696156683132,107.63733112000125,0
-6.852618090247586,107.5887486622557,-6.936153366504837,107.5849679600267,1
-6.9572329239594,107.55294708528821,-6.926492124271711,107.56775936805681,1
-6.922877756994702,107.60447682860243,-6.963717347359942,107.6007602436671,1
-6.854169653920301,107.56776392239784,-6.957296232078982,107.66823132419567,0
-6.866666043467544,107.65119217422439,-6.908693399293978,107.60273497230473,1
-6.872487937071897,107.59537595624604,-6.938535360257298,107.66012314387378,0
-6.939700080189199,107.6960976321376,-6.870275276865788,107.56007780748787,1
-6.950159311995714,107.64255553237525,-6.968933854683675,107.66364342714641,0
-6.890329084965083,107.6715968901815,-6.925132895349633,107.57790933198507,0
-6.858989006106865,107.5612039476387,-6.930151065278355,107.64838290078222,1
-6.903777100259726,107.67792231716362,-6.968376818763704,107.63052504877456,0
-6.901992154725718,107.68764115048215,-6.955750918440138,107.68866315475387,1
-6.937046512942034,107.61792990701103,-6.92098015047478,107.60197160287605,0
-6.8782069494303295,107.63700047004016,-6.911457676949417,107.55058643021351,1
-6.948217341423386,107.66236956814448,-6.922104372379965,107.54306487768821,1
-6.93179375578421,107.56797418036167,-6.906881291054867,107.67229736975564,0
-6.9195625400783065,107.62041057223415,-6.899165172676337,107.62395770202583,1
-6.909685232482128,107.60378608444357,-6.969507156700434,107.66403904829359,0
-6.941562350163707,107.56341983874597,-6.914915761833689,107.57750809600185,1
-6.9568966136663475,107.59880550756665,-6.854887391245312,107.59521339928212,1
-6.897303470898516,107.55090756950169,-6.908312319928428,107.54481661955381,1
-6.936006607500521,107.54412990511193,-6.889259419451434,107.69383877193187,1
-6.9008351657850024,107.56162660626478,-6.933213964278391,107.64685886507213,0
-6.952145601624041,107.69409841785428,-6.877666236346038,107.68931281404149,1
-6.912866959757051,107.62792472574321,-6.877794837878491,107.58247942518865,1
-6.9066827502073,107.69453154578451,-6.908040215071972,107.63783417779611,0
-6.964470810873944,107.60919966053282,-6.853383138441838,107.64855999492683,0
-6.930240165761091,107.58989058129364,-6.955608864185529,107.59080795204122,0
-6.954543355831936,107.62098269805445,-6.968662890680272,107.6756974776025,0
-6.963082328549174,107.61032187018127,-6.878126982946797,107.69154583406404,0
-6.851706780066729,107.55690634948189,-6.873679904408741,107.68157681883136,0
-6.931953067834038,107.64253221035044,-6.956251091059706,107.6582507161503,1
-6.873353091608273,107.57456610920154,-6.938776943478375,107.58439434875599,0
-6.940092193297396,107.63913407278366,-6.968590205923331,107.5850585667369,1
-6.888783372788684,107.6440321747837,-6.935444304984176,107.69413765127138,0
-6.87932061124126,107.56432397650059,-6.8777683467549755,107.54164551934971,1
-6.899104223378937,107.54981594033771,-6.908441144568948,107.65456799571875,1
-6.914016542136271,107.66492185377095,-6.928858909701172,107.65299938600884,1
-6.9211967221194985,107.6135680678031,-6.9260169367522595,107.63963032655197,0
-6.928766034361532,107.54930620728088,-6.9705372941890005,107.6984174153739,0
-6.858970596861411,107.69917861074717,-6.934663976586658,107.5899007097222,0
-6.870859547183915,107.54924488975942,-6.892995659255121,107.59439549820692,0
-6.854703765337885,107.65120563661738,-6.853601827853274,107.55263030447145,1
-6.955759473737038,107.69738862804215,-6.868883288596535,107.610847701847,0
-6.882849729480522,107.57826881667455,-6.967863885249607,107.58176776419758,1
-6.857911477090111,107.56275989898995,-6.862693015318085,107.59494187234843,1
-6.9489157854468875,107.5594215903076,-6.876559550721505,107.67353148644091,0
-6.962707148662513,107.58852402361082,-6.876898789946768,107.6896775221644,0
-6.881617297955335,107.5561673297617,-6.9156489097677705,107.56971729152083,0
-6.901648331795775,107.65074581467107,-6.922859763786869,107.59960142904856,1
-6.869512181033656,107.54996668770082,-6.93428952939425,107.68858088993846,0
-6.95389936032952,107.62150754050397,-6.962803477953686,107.54988935371028,1
-6.875108869114442,107.69947149661648,-6.943266109308057,107.55477768449782,0
-6.946464396130261,107.67023524312097,-6.941058243075641,107.566046558273,1
-6.951028555667542,107.63843511011697,-6.912513936220834,107.63523405346031,0
-6.950955251088694,107.58900057932587,-6.880857182327078,107.56407556336096,0
-6.872788118628188,107.63982333380666,-6.913748058626567,107.69489222103212,1
-6.890743294072317,107.62432663422587,-6.9637470971764515,107.61147432436137,0
-6.907827535942752,107.60817334142246,-6.855573665921218,107.62024287365603,0
-6.927568575808355,107.56091366027844,-6.857384536844888,107.57946537852887,0
-6.865260494994264,107.68185667443848,-6.8763202169135615,107.61535364038956,0
-6.923528098087799,107.61196554381142,-6.851542386231981,107.64590618122193,0
-6.872544747375517,107.57113960189133,-6.905253223597408,107.66018834191264,0
-6.91791598398986,107.59884149614037,-6.854975244299565,107.66061889323359,0
-6.925391279583126,107.60626076040464,-6.961612274117867,107.63246257803105,1
-6.915085889762514,107.67240606329071,-6.926745174058984,107.68469756399902,1
-6.93447437952547,107.65737830088983,-6.943609171585587,107.67078525556899,0
-6.880837352502815,107.66308878298261,-6.947160863287061,107.66112769835178,0
-6.910273009110884,107.5417650023086,-6.9537754855431,107.54889688346888,0
-6.942788034043352,107.60658463970877,-6.8958858802837675,107.54110047395515,1
-6.862571136292397,107.61701506426165,-6.876785112939174,107.57399156435127,1
-6.92455627519094,107.5430707642917,-6.901188532389673,107.64616377502615,0
-6.905364946094099,107.58157011339921,-6.953035082307498,107.60579159822122,1
-6.861742052262062,107.66164637169955,-6.873202922853997,107.6043850014879,0
-6.895666592891138,107.56193755291665,-6.8942582441989195,107.68153390211674,0
-6.956648855506854,107.62564962103242,-6.924042482123535,107.6832900557011,0
-6.85773217874166,107.57443229952277,-6.889669538476565,107.68546804224857,0
-6.895249492020816,107.54193932394303,-6.939459421495012,107.59022049224241,1
-6.930444345118218,107.57859223321593,-6.929207896538996,107.65056893003829,1
-6.953959496865861,107.69613980078562,-6.860418201655535,107.58346130900391,0
-6.875258172249711,107.66824593790128,-6.9357813584182955,107.57049757329192,1
-6.896167254737393,107.69353226309137,-6.914207410167416,107.56954119317558,1
-6.906577976744447,107.61805664702823,-6.863705035284999,107.59473721933819,0
-6.863254111517275,107.55755779178841,-6.885631893697843,107.60879321916478,1
-6.875910615210811,107.6276735182358,-6.963223172215002,107.67295186736881,0
-6.952468679456123,107.61270037352959,-6.952994174077667,107.55918257495564,0
-6.933231007450975,107.67509713323834,-6.969757440789215,107.65758813558318,0
-6.940831605394301,107.55569321292549,-6.894863200814455,107.6250327862703,0
-6.881277655632765,107.61811858192348,-6.916889654265668,107.58607125482817,1
-6.96666940134476,107.56400778635104,-6.954560162921546,107.61885113352525,0
-6.902199259878468,107.59194814830242,-6.8555563186489765,107.58799073116433,1
-6.879052465973969,107.65797713238206,-6.907034901181737,107.63537311283814,0
-6.865312770461238,107.61616290069901,-6.941624426047631,107.60941502765684,0
-6.929581773804348,107.60014212562332,-6.910527450747204,107.56630488465262,1
-6.871984871978424,107.60311620457121,-6.88900963600524,107.55865329192892,0
-6.957402065217984,107.61351148294496,-6.961536045999577,107.62747130913155,1
-6.868956434533511,107.66560264701393,-6.937680601431244,107.68438608532578,1
-6.955375862787696,107.68273355023044,-6.873702747995744,107.59503322984924,0
-6.922946067674644,107.69285354984063,-6.9154482825776,107.65728001715563,0
-6.874865097033298,107.66590454180086,-6.9050014275277185,107.64538581679037,0
-6.952679925232677,107.59046510331969,-6.918675516534422,107.68904878628952,0
-6.943143982293036,107.65010155297385,-6.965423226894311,107.67135696276786,0
-6.883885241279153,107.61001649984887,-6.950776876465617,107.63065684142488,0
-6.884151608307162,107.58074729952737,-6.917145895023225,107.64512487971746,1
-6.893634054527188,107.67453945270815,-6.945555907057967,107.68374183465345,1
-6.887287396975054,107.54614821583398,-6.964692520755107,107.60392300553391,0
-6.905464521909619,107.68428191874168,-6.869293310380971,107.59228715293725,1
-6.940433753119384,107.61383639433996,-6.852760657994473,107.54172977338163,1
-6.929147341580829,107.64195223628933,-6.875364226545592,107.67224817187063,0
-6.9488719544404685,107.64549662755293,-6.8680750524111,107.66815691206455,0
-6.861504242527698,107.68321883851304,-6.941614348935891,107.55671272289602,1
-6.900576306269112,107.64186714914676,-6.855232637543313,107.63229718098124,0
-6.922517659705011,107.63822937356161,-6.947029530324698,107.61423707170671,1
-6.9151669024019755,107.55066432648972,-6.856338136794508,107.55899345528147,0
-6.85683654257866,107.62294528351124,-6.851122720865293,107.69689091632972,1
-6.952267161345447,107.56402704013074,-6.885150918749325,107.57435134199415,1
-6.9002351741915815,107.65798940299544,-6.852766523438623,107.5507574688145,1
-6.909892180798087,107.62195550733003,-6.902241318496034,107.63517558072031,1
-6.897203200900756,107.64883644467334,-6.939503077662234,107.65821866834129,0
-6.968523155904735,107.54666766409639,-6.9181730945429925,107.54519095136756,0
-6.865870706144913,107.55356672256734,-6.89935397556747,107.64539482219632,1
-6.85865938244547,107.65461174209003,-6.961915596244353,107.62516670015223,1
-6.902770991332577,107.55153349375979,-6.895894339593007,107.55652240142001,0
-6.886962570969998,107.55140107644245,-6.852762424021172,107.56760382031142,0
-6.859815574382489,107.5419373560376,-6.9478490604959955,107.63087588757058,1
-6.885689916155529,107.69304022372792,-6.875430067022137,107.58741721816213,1
-6.952364807041706,107.65800133751344,-6.86157056498769,107.69013051658422,1
-6.90143013910795,107.59652022536034,-6.85726706854301,107.67099843671745,1
-6.897772851424781,107.58744569300603,-6.855291700350466,107.6973707530422,1
-6.9197194933094535,107.59595251675934,-6.908020551425679,107.58154733423207,0
-6.882179402877909,107.663944564989,-6.853227589459421,107.69515578124768,1
-6.858389084824765,107.64581929777127,-6.879671313102441,107.60899741916666,0
-6.859446664748606,107.5696312908588,-6.951267093364317,107.5956030072502,0
-6.916509107557223,107.56785749365346,-6.91337660720255,107.54805592431511,0
-6.957088786889941,107.55574330395415,-6.884356592720286,107.54844244125755,1
-6.852322087884728,107.64564843515222,-6.940969694038547,107.65072180095147,0
-6.8698644500091985,107.66229962595548,-6.893698054937424,107.61326863910945,0
-6.955715545719367,107.58240742853201,-6.890574622418597,107.57624346016578,0
-6.860014805709392,107.54335119376495,-6.951143490794211,107.63823524901204,0
-6.866138457280132,107.55314746679623,-6.9027767454431785,107.58045729892002,1
-6.908335665533446,107.69485760557521,-6.877950445300372,107.63242108069511,1
-6.89962869262346,107.5872711643964,-6.9107327411227795,107.59747339951724,0
-6.922739874994811,107.6630757036541,-6.969245205363512,107.6717683562579,0
-6.964117651013591,107.63994617101669,-6.969613576016669,107.67131138572269,1
-6.930409291554163,107.60111034234447,-6.927785072854805,107.61637606369959,1
-6.8741970154785195,107.5729099619513,-6.8593714729745,107.59613105749361,1
-6.9701432308348465,107.5594218269055,-6.9432130510916465,107.59800956744947,0
-6.930613399562724,107.63840207488623,-6.894449484597623,107.66891432410692,1
-6.922840123030369,107.66394140490205,-6.944006480342662,107.59250871724763,0
-6.906105048526862,107.64302468056658,-6.932035267242922,107.5734494997931,0
-6.860133354907187,107.62484834131988,-6.868765340829902,107.55355013470006,1
-6.929069211477212,107.54671219574907,-6.8830908546391525,107.6146708993415,0
-6.928996225132074,107.6949582044151,-6.959233006866952,107.61714113582718,1
-6.882052349977209,107.66779427066473,-6.91917001707743,107.67454539366447,0
-6.916343403505045,107.58685152587216,-6.967193794409839,107.57539819143138,1
-6.9437025002826145,107.69679525269741,-6.912897004378318,107.60095860378695,0
-6.91631677016085,107.63630105434181,-6.891075431793531,107.66934491822299,0
-6.953768986150348,107.63318762531317,-6.956455984643502,107.67177977771983,1
-6.949498284221952,107.65969170870873,-6.935976030343118,107.6015377721566,1
-6.910796193716715,107.66988316609442,-6.92288003761464,107.61345984372588,1
-6.920345160969553,107.64503657717304,-6.860172370836343,107.5885257425359,1
-6.8607355226916145,107.56049531941859,-6.85131074714616,107.68920878054709,0
-6.927140253326181,107.59412280095913,-6.965301661860727,107.55898300251866,1
-6.900913280296579,107.68849338245217,-6.879226847595854,107.68939990768024,1
-6.894701832592072,107.57593849789502,-6.926018767218438,107.64941863229366,0
-6.969126046318082,107.599546723814,-6.923526526015216,107.62505154442988,1
-6.890942807883592,107.60913230127107,-6.880037350203688,107.54522544972552,1
-6.949300076782256,107.61030479835112,-6.860305142856122,107.61609539069153,0
-6.8551793478401715,107.63807033319912,-6.856398382940794,107.60523969680044,1
-6.952830740124075,107.69089213403916,-6.901329865158194,107.56579500991603,1
-6.920862180328012,107.5785108338932,-6.92777403665208,107.64502553656011,1
-6.960440969896947,107.55944022020816,-6.876036599879775,107.69538414517893,1
-6.850875714928117,107.5715952783776,-6.940529633731871,107.62995020977033,1
-6.9103361597581845,107.68190798403349,-6.902898301734211,107.65436052423104,1
-6.899134720918131,107.64332973002483,-6.9275988689247106,107.55095207241057,0
-6.962637407417911,107.58574508627827,-6.891772944940313,107.60682671933073,1
-6.880554751458019,107.67055151023499,-6.941804050670201,107.55861735762633,0
-6.945469347709911,107.67781919941815,-6.947670527922674,107.63804733368585,0
-6.8627538744092265,107.67544229419045,-6.8603276617816125,107.69015714531427,0
-6.946042215214063,107.68702824538234,-6.958463197309466,107.64588443719546,0
-6.947779335976227,107.58035856322775,-6.909883859490261,107.55228848773031,1
-6.966306729924659,107.66080670859941,-6.944153495487846,107.59674659279761,1
-6.913957553197778,107.61368631956387,-6.966020618408255,107.62810614071054,1
-6.902806095781834,107.67471976846241,-6.96637053804137,107.60451324098132,0
-6.962801821540712,107.65655850834587,-6.94963834299288,107.67338304167603,1
-6.87748158047326,107.66423159143996,-6.866514203388379,107.6703473607536,1
-6.916214682063287,107.64498589402898,-6.936746054973962,107.63789296321652,1
-6.907668289626825,107.56838860311515,-6.85645480769685,107.59975327122123,0
-6.917720317818025,107.62720430702352,-6.900789000382699,107.58085381980213,0
-6.922528280082786,107.69754715832393,-6.918218974389794,107.55693989091411,1
-6.903431232176752,107.68998209063955,-6.900973322072732,107.59678362935786,0
-6.952040122439128,107.54690779772753,-6.908592854095803,107.60610760275324,0
-6.948832238714468,107.56637037051672,-6.8794950942983695,107.64813166801666,1
-6.867113368354175,107.56107660375274,-6.9367439728700635,107.64530557188762,0
-6.856976921451538,107.65615678559764,-6.928263342929644,107.55121730234261,0
-6.925828220183174,107.67084565277712,-6.863229864835503,107.60324149046899,1
-6.9381564902881445,107.57416181860971,-6.856935927119322,107.56908461875479,0
-6.89329125490267,107.62093643087229,-6.863414501056126,107.56509003285069,0
-6.9215701526340085,107.6745124844818,-6.920282351126331,107.67236834395796,0
-6.967648560049627,107.6572482471626,-6.876900066538573,107.5467064346746,0
-6.951930457796584,107.6267579528787,-6.913444444857208,107.60706926014434,0
-6.884640138092543,107.63445563047341,-6.9108957097720385,107.56691258492265,0
-6.8914973421824,107.62133768750661,-6.9460974508913145,107.68069283450856,0
-6.967443061701081,107.58760775221101,-6.899646137548326,107.62912648212401,0
-6.944018946135659,107.63040351885745,-6.948326465090047,107.5770209018203,1
-6.942924809450114,107.65022164832801,-6.930845923172123,107.62038836594662,1
-6.889938492219433,107.67973166653773,-6.867925369765284,107.6570378175525,1
-6.968330793361925,107.64180661663669,-6.945809487732856,107.69329888142711,1
-6.958186148445455,107.66177944592691,-6.962146774122154,107.57527136067927,0
-6.874550086538143,107.56561146159274,-6.96240528736794,107.68178908354069,1
-6.949238931621069,107.61384919590716,-6.857617700635527,107.6894886582668,1
-6.892239917836204,107.54149305917234,-6.909768163356987,107.68662728712513,0
-6.942070429718184,107.57946861832346,-6.921488668967594,107.64166629709791,0
-6.958747144590327,107.65623387441808,-6.873232394562848,107.64077130470956,0
-6.941470702641865,107.6986895922159,-6.870233723465156,107.60451370130941,0
-6.88388351479095,107.55586849593396,-6.930770637819505,107.66038366116861,0
-6.867845284533625,107.60423909053782,-6.88732710949165,107.62500704293615,1
-6.870907572279048,107.66801135499188,-6.878011037534604,107.64839009139654,0
-6.922958539739862,107.57264570154062,-6.892010987438712,107.60855326461581,1
-6.890396166584209,107.62881359188837,-6.952478272009028,107.65703943424691,1
-6.946060887691019,107.65729140736475,-6.86541885336125,107.67191544281673,0
-6.935463642822627,107.63855767204163,-6.905900834761132,107.56342980105646,1
-6.862960434613762,107.57008395753847,-6.936746814350325,107.67326875449189,1
-6.96913716879401,107.59686153098973,-6.919587572110389,107.62644744508646,0
-6.960421874591293,107.66540668551767,-6.966183954934051,107.67514654545444,1
-6.945712072131448,107.62867624226112,-6.955330410493065,107.60900827301457,1
-6.967510829094366,107.54083673816687,-6.878681280587994,107.60064647766129,1
-6.948891460702207,107.6617585216045,-6.970698601502405,107.68640971720276,0
-6.900618404371443,107.54564981679044,-6.920628787416429,107.58018708280775,0
-6.920044769018782,107.659317405237,-6.907894276233512,107.67507397204578,0
-6.8634008603285475,107.57239688962645,-6.964132942715883,107.6174432916015,1
-6.87244328387904,107.69329175681911,-6.853736004810726,107.62225527080821,0
-6.929613554325916,107.59887052020834,-6.94351973518379,107.58935492503832,1
-6.9395173033015585,107.59230905861409,-6.934135313899719,107.63168675209904,0
-6.925060972538295,107.5638220880532,-6.934166110026946,107.5920337914042,1
-6.899746547909721,107.58889667447843,-6.9430039172134945,107.54628310627866,0
-6.938478750373091,107.68026412189252,-6.970522846585225,107.5835197768551,0
-6.895677301276534,107.69941349402036,-6.883032755750623,107.54102064694506,1
-6.921488719406613,107.5989295248811,-6.854485170924126,107.6965367659291,0
-6.904343928861592,107.61177770095273,-6.9437399233091375,107.69451955357117,1
-6.918277591197935,107.65553135011244,-6.891001727545229,107.60322484759557,0
-6.935305215703061,107.68179132487441,-6.8815240614995625,107.65653933669435,0
-6.856695912503149,107.63488709346989,-6.868719269433319,107.59532897574567,1
-6.878914583541997,107.60264411170846,-6.919899970518964,107.64737490513376,1
-6.953858396272873,107.60601949453579,-6.934287705142021,107.66886880688736,1
-6.866310149297071,107.6512989034395,-6.931599524890432,107.69148099915076,0
-6.9121107699704085,107.5405149221767,-6.885042915761559,107.60403396413595,1
-6.863174822327331,107.63913429399358,-6.872523108126023,107.66532767727297,0
-6.874557398235133,107.59687888167062,-6.948870001075656,107.58254855210114,1
-6.919589336762798,107.66707157300434,-6.926112890819437,107.69845316860699,1
-6.967999189139922,107.55487850237171,-6.862286788350753,107.54412313580231,1
-6.93840498140193,107.63411236271175,-6.873735438932693,107.63656460904018,1
-6.905595567397764,107.61695566238178,-6.852320019987951,107.64552095706422,1
-6.894555917976898,107.64277208414484,-6.880039359186214,107.65008728913186,1
-6.939701900210929,107.55037657511728,-6.923437936836444,107.55926201260625,0
-6.953949399896446,107.63279740598851,-6.899705332353845,107.6901647653557,1
-6.870341385536724,107.62983753407353,-6.891246086639472,107.56898932464802,0
-6.8523748578794335,107.62970561510659,-6.961269610878682,107.63964054451837,1
-6.907512040087218,107.63655802665544,-6.905251465515716,107.5756281726597,1
-6.950064149841034,107.64823486995623,-6.885439636417592,107.58915462672341,1
-6.9379686593523715,107.66879823994893,-6.950587979259073,107.6274333666765,0
-6.968489440678995,107.58317131522053,-6.876868067565448,107.60675094697034,0
-6.860801283451428,107.67200790562882,-6.900530511782204,107.56563609615624,1
-6.956546319836605,107.61972090916215,-6.85624294135915,107.56734982438734,0
-6.901402719643187,107.5523293246615,-6.965600839755531,107.60690316610605,1
-6.937758562473398,107.54936814867904,-6.938807798265833,107.66116527652409,1
-6.9040878040976015,107.59347813099137,-6.898393223708161,107.68367434349565,0
-6.892399269320106,107.66558351633783,-6.935053498552847,107.5534604259615,0
-6.870965035194395,107.65322894955855,-6.884826215478637,107.60289662520951,0
-6.945888163134375,107.66617839434758,-6.879467565040864,107.55603929019567,0
-6.969378301395251,107.62276304903067,-6.95837758111921,107.54265479690122,1
-6.954246347265729,107.61043183967288,-6.908934693402347,107.64587498922303,0
-6.862517759249858,107.56359240427301,-6.909531355217955,107.63639191071466,0
-6.865658412676986,107.59251084057749,-6.926312451420092,107.56608305821038,1
-6.898890945119129,107.60944309858783,-6.858562431519125,107.5774100532949,0
-6.898517873375875,107.55417606874875,-6.871233740351239,107.54379324058313,0
-6.8907625917195405,107.5752979124338,-6.8868954322944615,107.6735915529111,0
-6.949620372309461,107.63571604705021,-6.884837938384654,107.69595049536777,0
-6.86078768409982,107.65770609827827,-6.9152017195136635,107.56167352588716,1
-6.920363782907973,107.69973560182288,-6.859996458564192,107.57703603420245,1
-6.924646748904411,107.68929813301497,-6.887209629644155,107.67894552383152,0
-6.908326091825003,107.64281043192564,-6.883076476388971,107.68823420767299,0
-6.965054690793639,107.60739968852705,-6.867124753364761,107.6071403812491,1
-6.950712739075519,107.64178837835333,-6.937756594961068,107.54809959556306,0
-6.88198835930555,107.66570425889284,-6.8736900773552225,107.54630269339086,0
-6.9607476001154,107.55893379054774,-6.94723207952463,107.63183197857104,0
-6.898201116442141,107.60558478235141,-6.929189897340165,107.60286321742291,0
-6.941209037016305,107.6743683657017,-6.930359623396765,107.54458438841243,0
-6.9239066671921545,107.60141327230929,-6.853081238699626,107.63332038277001,0
-6.935999012840162,107.63149956339636,-6.8677442257055,107.54180840585425,0
-6.927948139480913,107.63404309773796,-6.886419382636851,107.66597951330388,0
-6.884270682196854,107.56951620050138,-6.8833077772538305,107.58902925163254,0
-6.934985969782095,107.59795767066437,-6.9031388501128115,107.54644128048149,1
-6.902618162236313,107.59352180619871,-6.856859701813557,107.63413635535731,1
-6.913478741655668,107.54419147336513,-6.9110496979035405,107.60362950630929,1
-6.89092672592341,107.54387068222262,-6.924961771273638,107.69580806613715,0
-6.858093065333164,107.67307152698812,-6.9511031525008224,107.6270717860006,0
-6.882644833915328,107.58369132959565,-6.876198080598221,107.58403826896593,1
-6.9448641664933914,107.62289260259821,-6.882419839364514,107.65351021834144,0
-6.966951787165634,107.58779609177421,-6.924500524369399,107.58343872040683,1
-6.939175861875161,107.69050867921845,-6.967671751642101,107.68467892662521,0
-6.899171632729829,107.58148748141853,-6.869852521208295,107.59995551528118,1
-6.964518617219193,107.60874509003824,-6.96932755838882,107.6279789700442,1
-6.911036777086411,107.67963684007753,-6.886115286488589,107.54809169661188,1
-6.89895948956019,107.6747093706867,-6.854075095410928,107.60817939807237,0
-6.930523884323802,107.56977622685541,-6.918093108356586,107.67317816634576,1
-6.878036353109753,107.66842292956731,-6.942456196719487,107.66890380885813,0
-6.95788688997332,107.61330990187807,-6.885974504592785,107.57589096941658,0
-6.961668438635356,107.61727501953366,-6.872481197329727,107.5761726513617,0
-6.883171711504327,107.56135679558656,-6.905019076007443,107.67076884995411,0
-6.911141943792015,107.55289624220114,-6.854462359914211,107.68886374722709,0
-6.887954031949386,107.6564702891158,-6.964489419656713,107.55525774740369,0
-6.91843375389983,107.61943378437685,-6.910023569083796,107.6120093823082,0
-6.941082475604659,107.60989611241844,-6.8843418355318295,107.59399268463429,1
-6.872243901415561,107.65672131658438,-6.867010615367869,107.6793101528732,1
-6.874610211347929,107.66248206383858,-6.949153475448684,107.55336398634881,1
-6.887197484203298,107.56542530682711,-6.874539581492006,107.5737801508093,0
-6.937988154504959,107.63763602391643,-6.904264609498631,107.66039493401384,0
-6.899754273842336,107.56165665316443,-6.923034247424806,107.548207015837,0
-6.927310937587809,107.66022001376466,-6.954867853564793,107.61880566091429,0
-6.959691834786138,107.64511282500274,-6.866691449779149,107.61073712554877,1
-6.860438908229439,107.69305833937335,-6.951795760376799,107.5935041886382,0
-6.954254400563541,107.55103328261703,-6.933463499323066,107.60313157045103,1
-6.85648147007074,107.5491287553842,-6.9358365270581155,107.62479049390885,0
-6.917090106090454,107.58514993195092,-6.865956033090259,107.56581877734214,1
